,TwittID,TextData,TweetCreatedAt,RetweetCount,TweetFavouriteCount,TweetSource,UserID,UserScreenName,UserName,UserCreatedAt,UserDescription,UserDescriptionLength,UserFollowersCount,UserFriendsCount,UserLocation
0,1399695291293605894,Let me undress you for kiss your sexy body everywhere https://t.co/QQhjiPwEsp,2021-06-01 11:52:17,0,1,Twitter Web App,1084687742032924674,josef_morasch,Josef Morasch,2019-01-14 05:44:45,,0,416,1747,
1,1399694173217951747,More https://t.co/V4eRvaB8y4,2021-06-01 11:47:50,0,1,Twitter Web App,1084687742032924674,josef_morasch,Josef Morasch,2019-01-14 05:44:45,,0,416,1747,
2,1399694043299430402,"RT @mandigxxx: Deer in the headlightsğŸ‘€ when these babies are out and about
https://t.co/G3AoUaHC3y https://t.co/p0A60fFb5x",2021-06-01 11:47:19,16,0,Twitter Web App,1084687742032924674,josef_morasch,Josef Morasch,2019-01-14 05:44:45,,0,416,1747,
3,1399693791993421827,"RT @MorganColeHot: I wanna taste bigg dickk ahhh yess
RT if u give me https://t.co/z2616HZJB2",2021-06-01 11:46:19,35,0,Twitter Web App,1084687742032924674,josef_morasch,Josef Morasch,2019-01-14 05:44:45,,0,416,1747,
4,1399693642688778251,RT @jenicesexy7: RT if you want to chat with me on the DM. https://t.co/RsUEG9E9To,2021-06-01 11:45:44,74,0,Twitter Web App,1084687742032924674,josef_morasch,Josef Morasch,2019-01-14 05:44:45,,0,416,1747,
5,1399693447565545474,RT @sexybigtitsmilf: https://t.co/8rb71JZ05S,2021-06-01 11:44:57,9,0,Twitter Web App,1084687742032924674,josef_morasch,Josef Morasch,2019-01-14 05:44:45,,0,416,1747,
6,1399675019547000832,RT @BBW2Milf: Meet Hot Milfs Seeking Now. Easy &amp; Discreet. https://t.co/nMIWsvEqte Join for Free! https://t.co/kWa1N2qu8C,2021-06-01 10:31:44,5,0,Twitter Web App,1084687742032924674,josef_morasch,Josef Morasch,2019-01-14 05:44:45,,0,416,1747,
7,1399674860520062976,RT @naughtyscots: who's fucking me tonight then? https://t.co/Yl4KqZrWxB,2021-06-01 10:31:06,8,0,Twitter Web App,1084687742032924674,josef_morasch,Josef Morasch,2019-01-14 05:44:45,,0,416,1747,
8,1399674770485022722,Hello sexy Lady https://t.co/VIFgNdJBk6,2021-06-01 10:30:44,0,0,Twitter Web App,1084687742032924674,josef_morasch,Josef Morasch,2019-01-14 05:44:45,,0,416,1747,
9,1399674666969612288,RT @NylonKadee26: Good morning ğŸ’‹ https://t.co/JR9Pcv4s3X,2021-06-01 10:30:19,36,0,Twitter Web App,1084687742032924674,josef_morasch,Josef Morasch,2019-01-14 05:44:45,,0,416,1747,
10,1399590283923398662,RT @Taikoshep: finally my true form revealed ğŸ³ï¸â€ğŸŒˆ https://t.co/AdG6vNSw7t,2021-06-01 04:55:01,335,0,Twitter for iPhone,953478264617611265,hyenafluff,big gay flannel shirt,2018-01-17 04:05:07,"26, he/him. hyena named sax enjoying himself and his big dumb body. Expect occasional horny kink stuff. NSFW, 18+ only. Icon by @wildyena",137,624,581,Nebraska
11,1399462785768214529,RT @jpalmerdubs: @UnvirtuousAbbey omg https://t.co/rXPkrRJkQr,2021-05-31 20:28:23,186,0,Twitter for iPhone,953478264617611265,hyenafluff,big gay flannel shirt,2018-01-17 04:05:07,"26, he/him. hyena named sax enjoying himself and his big dumb body. Expect occasional horny kink stuff. NSFW, 18+ only. Icon by @wildyena",137,624,581,Nebraska
12,1399440256689135628,"RT @TooMuchDynamite: Iâ€™m in the mood to do some commissions!

Taking 5 flat color pieces, $120 each. DM me a ref to reserve a spot. ğŸ¬ğŸºğŸ’œ httâ€¦",2021-05-31 18:58:52,359,0,Twitter for iPhone,953478264617611265,hyenafluff,big gay flannel shirt,2018-01-17 04:05:07,"26, he/him. hyena named sax enjoying himself and his big dumb body. Expect occasional horny kink stuff. NSFW, 18+ only. Icon by @wildyena",137,624,581,Nebraska
13,1399440119770370049,RT @TY_PESH: lets close out mermay with some good old fashioned hell sirens https://t.co/7nHsCKy8yi,2021-05-31 18:58:19,55,0,Twitter for iPhone,953478264617611265,hyenafluff,big gay flannel shirt,2018-01-17 04:05:07,"26, he/him. hyena named sax enjoying himself and his big dumb body. Expect occasional horny kink stuff. NSFW, 18+ only. Icon by @wildyena",137,624,581,Nebraska
14,1399211937867653123,"RT @oldshep168: ""Still think those supps don't work?""

Maybe Corey should go to the gym with Logan more often ;3 https://t.co/gxyTYb8EY2",2021-05-31 03:51:36,513,0,Twitter for iPhone,953478264617611265,hyenafluff,big gay flannel shirt,2018-01-17 04:05:07,"26, he/him. hyena named sax enjoying himself and his big dumb body. Expect occasional horny kink stuff. NSFW, 18+ only. Icon by @wildyena",137,624,581,Nebraska
15,1399195638701637632,"RT @werelemurs: [Repost for corrected @!]
Itâ€™s getting close to summer time, so Joel knows how to both turn the heat up and also chill it dâ€¦",2021-05-31 02:46:50,78,0,Twitter for iPhone,953478264617611265,hyenafluff,big gay flannel shirt,2018-01-17 04:05:07,"26, he/him. hyena named sax enjoying himself and his big dumb body. Expect occasional horny kink stuff. NSFW, 18+ only. Icon by @wildyena",137,624,581,Nebraska
16,1399138671765430283,RT @thebluebear27: Valentino https://t.co/7A23CMvPJC,2021-05-30 23:00:28,304,0,Twitter for iPhone,953478264617611265,hyenafluff,big gay flannel shirt,2018-01-17 04:05:07,"26, he/him. hyena named sax enjoying himself and his big dumb body. Expect occasional horny kink stuff. NSFW, 18+ only. Icon by @wildyena",137,624,581,Nebraska
17,1399044105863241735,RT @HungryBehemoth: My rat carlos repost https://t.co/tl5gqDujat,2021-05-30 16:44:42,38,0,Twitter for iPhone,953478264617611265,hyenafluff,big gay flannel shirt,2018-01-17 04:05:07,"26, he/him. hyena named sax enjoying himself and his big dumb body. Expect occasional horny kink stuff. NSFW, 18+ only. Icon by @wildyena",137,624,581,Nebraska
18,1399043565066416131,RT @HungryBehemoth: Repost of angry ferret camera man Eddie https://t.co/Wz7JZFGbXA,2021-05-30 16:42:33,13,0,Twitter for iPhone,953478264617611265,hyenafluff,big gay flannel shirt,2018-01-17 04:05:07,"26, he/him. hyena named sax enjoying himself and his big dumb body. Expect occasional horny kink stuff. NSFW, 18+ only. Icon by @wildyena",137,624,581,Nebraska
19,1399034356111347712,"RT @gunpowderblush: you can't just say it out loud like that, zoetrope, have some tact, you're in a denny's
ft @MonsterGrotto 's monty httpâ€¦",2021-05-30 16:05:57,71,0,Twitter for iPhone,953478264617611265,hyenafluff,big gay flannel shirt,2018-01-17 04:05:07,"26, he/him. hyena named sax enjoying himself and his big dumb body. Expect occasional horny kink stuff. NSFW, 18+ only. Icon by @wildyena",137,624,581,Nebraska
20,1399270666889621506,RT @VenusLux: Another vid sold! Venus Lux Fucks an Angsty Teen https://t.co/jqWAZVRqgq #MVSales #MVTrans #ManyVids https://t.co/8tXCpUeKpy,2021-05-31 07:44:58,49,0,Twitter Web App,1338642147700953088,MattLov14455762,ğŸ’‹Matt LoveğŸ’‹,2020-12-15 00:29:02,"â¤ï¸ğŸ’›ğŸ’–ğŸ‘…ğŸ’‹Just relax & let daddy unleash your fantasies.
I do not own any of this content, just happy spreading the love â¤ï¸ğŸ’›ğŸ’–ğŸ‘…ğŸ’‹",123,77,887,
21,1399270648694722561,RT @VenusLux: Happy st Patrickâ€™s day @VenusLuxFans ğŸ’‹ğŸ˜œğŸ’• https://t.co/SO0nssezyS,2021-05-31 07:44:54,172,0,Twitter Web App,1338642147700953088,MattLov14455762,ğŸ’‹Matt LoveğŸ’‹,2020-12-15 00:29:02,"â¤ï¸ğŸ’›ğŸ’–ğŸ‘…ğŸ’‹Just relax & let daddy unleash your fantasies.
I do not own any of this content, just happy spreading the love â¤ï¸ğŸ’›ğŸ’–ğŸ‘…ğŸ’‹",123,77,887,
22,1399270568784891905,"RT @BrazzersHistory: Today in @Brazzers History: March 19, 2012 the best fighter pilot @thereallisaann was going to show that she has a fewâ€¦",2021-05-31 07:44:35,206,0,Twitter Web App,1338642147700953088,MattLov14455762,ğŸ’‹Matt LoveğŸ’‹,2020-12-15 00:29:02,"â¤ï¸ğŸ’›ğŸ’–ğŸ‘…ğŸ’‹Just relax & let daddy unleash your fantasies.
I do not own any of this content, just happy spreading the love â¤ï¸ğŸ’›ğŸ’–ğŸ‘…ğŸ’‹",123,77,887,
23,1399270496458330115,"RT @BrazzersHistory: Today in @Brazzers History: March 21, 2012 @JohnnySins' sexy milf neighbor @AriellaFerrera was ready to do anything foâ€¦",2021-05-31 07:44:18,333,0,Twitter Web App,1338642147700953088,MattLov14455762,ğŸ’‹Matt LoveğŸ’‹,2020-12-15 00:29:02,"â¤ï¸ğŸ’›ğŸ’–ğŸ‘…ğŸ’‹Just relax & let daddy unleash your fantasies.
I do not own any of this content, just happy spreading the love â¤ï¸ğŸ’›ğŸ’–ğŸ‘…ğŸ’‹",123,77,887,
24,1399270377696595968,RT @DANNY_PRONSTAR: MY HOTğŸ”¥@DANNY_PRONSTAR ğŸ”¥ https://t.co/ryRtiLaFuJ,2021-05-31 07:43:49,297,0,Twitter Web App,1338642147700953088,MattLov14455762,ğŸ’‹Matt LoveğŸ’‹,2020-12-15 00:29:02,"â¤ï¸ğŸ’›ğŸ’–ğŸ‘…ğŸ’‹Just relax & let daddy unleash your fantasies.
I do not own any of this content, just happy spreading the love â¤ï¸ğŸ’›ğŸ’–ğŸ‘…ğŸ’‹",123,77,887,
25,1399270299623837697,RT @ShaneDiesel5: https://t.co/ipRLl5fo4Y,2021-05-31 07:43:31,37,0,Twitter Web App,1338642147700953088,MattLov14455762,ğŸ’‹Matt LoveğŸ’‹,2020-12-15 00:29:02,"â¤ï¸ğŸ’›ğŸ’–ğŸ‘…ğŸ’‹Just relax & let daddy unleash your fantasies.
I do not own any of this content, just happy spreading the love â¤ï¸ğŸ’›ğŸ’–ğŸ‘…ğŸ’‹",123,77,887,
26,1399270255998898177,"RT @Pornopolis_Myr: Our favorite ebonyğŸ’@DiamondğŸ’ suckingğŸ‘… the dickğŸ†,ğŸ­Like a lollipopğŸ­!
Just lookğŸ‘€ herâš ï¸, she is just PERFECTğŸ‘¸ğŸ¾!

#TeamJacksâ€¦",2021-05-31 07:43:20,850,0,Twitter Web App,1338642147700953088,MattLov14455762,ğŸ’‹Matt LoveğŸ’‹,2020-12-15 00:29:02,"â¤ï¸ğŸ’›ğŸ’–ğŸ‘…ğŸ’‹Just relax & let daddy unleash your fantasies.
I do not own any of this content, just happy spreading the love â¤ï¸ğŸ’›ğŸ’–ğŸ‘…ğŸ’‹",123,77,887,
27,1399270236814143489,"RT @BrazzersHistory: â­ï¸ 10 YEARS AGO in @Brazzers History: March 30, 2009 #CarmellaBing invited her friend #SiennaWest over for a classic oâ€¦",2021-05-31 07:43:16,302,0,Twitter Web App,1338642147700953088,MattLov14455762,ğŸ’‹Matt LoveğŸ’‹,2020-12-15 00:29:02,"â¤ï¸ğŸ’›ğŸ’–ğŸ‘…ğŸ’‹Just relax & let daddy unleash your fantasies.
I do not own any of this content, just happy spreading the love â¤ï¸ğŸ’›ğŸ’–ğŸ‘…ğŸ’‹",123,77,887,
28,1399269998560903172,RT @kylieireland: It's time! Join me NOW for a naughty camshow on http://t.co/Czo1mhtQqe #hubbahubba http://t.co/f9YpC1VylI,2021-05-31 07:42:19,14,0,Twitter Web App,1338642147700953088,MattLov14455762,ğŸ’‹Matt LoveğŸ’‹,2020-12-15 00:29:02,"â¤ï¸ğŸ’›ğŸ’–ğŸ‘…ğŸ’‹Just relax & let daddy unleash your fantasies.
I do not own any of this content, just happy spreading the love â¤ï¸ğŸ’›ğŸ’–ğŸ‘…ğŸ’‹",123,77,887,
29,1399269888938504192,"RT @BrazzersHistory: Today in @Brazzers History: April 13, 2011 @thereallisaann paired up with @KeiranLee and rode the hell out of his cockâ€¦",2021-05-31 07:41:53,169,0,Twitter Web App,1338642147700953088,MattLov14455762,ğŸ’‹Matt LoveğŸ’‹,2020-12-15 00:29:02,"â¤ï¸ğŸ’›ğŸ’–ğŸ‘…ğŸ’‹Just relax & let daddy unleash your fantasies.
I do not own any of this content, just happy spreading the love â¤ï¸ğŸ’›ğŸ’–ğŸ‘…ğŸ’‹",123,77,887,
30,1399672983711584259,"RT @OnMyStandard: ğ“ğ¡ğ ğğ¨ğ¬ğ¬. ğ“ğ¡ğ ğğ¥ğ®ğğ©ğ«ğ¢ğ§ğ­. ğ“ğ¡ğ ğ’ğ­ğšğ§ğğšğ«ğ.

ğğ’ğ…ğ– ğ­ğ«ğšğ§ğ¬ ğ©ğ¨ğ«ğ­ğ«ğšğ²ğšğ¥. ğğ¢ ğ­ğ¨ğ©. ğ’ğ¡ğ¢ğ©ğ¬ ğ°/ ğœğ¡ğğ¦ğ¢ğ¬ğ­ğ«ğ². ğ‹ğ¢ğ­ğğ«ğšğ­ğ ğšğ§ğ ğ¦ğšğ­ğœğ¡ğğ¬ ğ¬ğ­ğ²ğ¥ğ. ğƒğŒ'â€¦",2021-06-01 10:23:38,45,0,Twitter for Android,1288467792333885440,HerFabulousWays,ğ—Ÿğ—˜ğ—”ğ—› ğ—©ğ—”ğ—¡ ğ——ğ—”ğ—Ÿğ—˜ | Not @CarmellaWWE,2020-07-29 13:34:07,"ğ—œ'ğ—º ğ—»ğ—¼ğ˜ ğ—®ğ—» ğ—²ğ—®ğ˜€ğ˜† ğ˜„ğ—¼ğ—ºğ—®ğ—», ğ—·ğ˜‚ğ˜€ğ˜ ğ—® ğ˜„ğ—¼ğ—ºğ—®ğ—» ğ˜„ğ—µğ—¼ ğ—¹ğ—¼ğ˜ƒğ—²ğ˜€ ğ˜€ğ—²ğ˜… ğ—®ğ—»ğ—± ğ—³ğ˜‚ğ—°ğ—¸ğ—¶ğ—»ğ—´, ğ—¦ğ—²ğ—±ğ˜‚ğ—°ğ—² ğ—ºğ—² ğ—´ğ—¶ğ—¿ğ—¹ğ˜€ ğŸ˜â¤ğŸ–¤",82,662,458,
31,1397278793006473219,"RT @FlipOnTheScene: ğ–³ğ– ğ–¸ ğ–¢ğ–®ğ–­ğ–³ğ–¨.

A heterosexual portrayal of AEWâ€™s own, Tay Conti. Not for the eyes of anyone under the age of eighteen. A sâ€¦",2021-05-25 19:49:59,48,0,Twitter for Android,1288467792333885440,HerFabulousWays,ğ—Ÿğ—˜ğ—”ğ—› ğ—©ğ—”ğ—¡ ğ——ğ—”ğ—Ÿğ—˜ | Not @CarmellaWWE,2020-07-29 13:34:07,"ğ—œ'ğ—º ğ—»ğ—¼ğ˜ ğ—®ğ—» ğ—²ğ—®ğ˜€ğ˜† ğ˜„ğ—¼ğ—ºğ—®ğ—», ğ—·ğ˜‚ğ˜€ğ˜ ğ—® ğ˜„ğ—¼ğ—ºğ—®ğ—» ğ˜„ğ—µğ—¼ ğ—¹ğ—¼ğ˜ƒğ—²ğ˜€ ğ˜€ğ—²ğ˜… ğ—®ğ—»ğ—± ğ—³ğ˜‚ğ—°ğ—¸ğ—¶ğ—»ğ—´, ğ—¦ğ—²ğ—±ğ˜‚ğ—°ğ—² ğ—ºğ—² ğ—´ğ—¶ğ—¿ğ—¹ğ˜€ ğŸ˜â¤ğŸ–¤",82,662,458,
32,1397275362522853378,"RT @RoleModelWays: The Eva-Lution 
        Is Coming Soon. 

Eva portrayal

*Bisexual
*Single
*Friendly
*Female Writer
*Super RoleModel 
*Oâ€¦",2021-05-25 19:36:21,41,0,Twitter for Android,1288467792333885440,HerFabulousWays,ğ—Ÿğ—˜ğ—”ğ—› ğ—©ğ—”ğ—¡ ğ——ğ—”ğ—Ÿğ—˜ | Not @CarmellaWWE,2020-07-29 13:34:07,"ğ—œ'ğ—º ğ—»ğ—¼ğ˜ ğ—®ğ—» ğ—²ğ—®ğ˜€ğ˜† ğ˜„ğ—¼ğ—ºğ—®ğ—», ğ—·ğ˜‚ğ˜€ğ˜ ğ—® ğ˜„ğ—¼ğ—ºğ—®ğ—» ğ˜„ğ—µğ—¼ ğ—¹ğ—¼ğ˜ƒğ—²ğ˜€ ğ˜€ğ—²ğ˜… ğ—®ğ—»ğ—± ğ—³ğ˜‚ğ—°ğ—¸ğ—¶ğ—»ğ—´, ğ—¦ğ—²ğ—±ğ˜‚ğ—°ğ—² ğ—ºğ—² ğ—´ğ—¶ğ—¿ğ—¹ğ˜€ ğŸ˜â¤ğŸ–¤",82,662,458,
33,1397138215254044673,"RT @ALegitBlueprint: [Sá´€sÊœá´€ Bá´€É´á´‹s Rá´ÊŸá´‡á´˜ÊŸá´€Ê]

-Fá´‡á´á´€ÊŸá´‡ WÊ€Éªá´›á´‡Ê€!
-Is á´€s Dá´‡sá´„Ê€Éªá´˜á´›Éªá´ á´‡ á´€s Êá´á´œ
-BÉªsá´‡xá´œá´€ÊŸ (Fá´‡á´á´€ÊŸá´‡ Lá´‡á´€É´)
-NSFW á´„á´É´á´›á´‡É´á´› 
-Lá´á´á´‹ÉªÉ´É¢ Ò“á´Ê€â€¦",2021-05-25 10:31:22,329,0,Twitter for Android,1288467792333885440,HerFabulousWays,ğ—Ÿğ—˜ğ—”ğ—› ğ—©ğ—”ğ—¡ ğ——ğ—”ğ—Ÿğ—˜ | Not @CarmellaWWE,2020-07-29 13:34:07,"ğ—œ'ğ—º ğ—»ğ—¼ğ˜ ğ—®ğ—» ğ—²ğ—®ğ˜€ğ˜† ğ˜„ğ—¼ğ—ºğ—®ğ—», ğ—·ğ˜‚ğ˜€ğ˜ ğ—® ğ˜„ğ—¼ğ—ºğ—®ğ—» ğ˜„ğ—µğ—¼ ğ—¹ğ—¼ğ˜ƒğ—²ğ˜€ ğ˜€ğ—²ğ˜… ğ—®ğ—»ğ—± ğ—³ğ˜‚ğ—°ğ—¸ğ—¶ğ—»ğ—´, ğ—¦ğ—²ğ—±ğ˜‚ğ—°ğ—² ğ—ºğ—² ğ—´ğ—¶ğ—¿ğ—¹ğ˜€ ğŸ˜â¤ğŸ–¤",82,662,458,
34,1396753418262401026,"RT @CandyOfYourLife: â €â €â €ğ‘¨ ğ‘®ğ’ğ’…ğ’…ğ’†ğ’”ğ’” ğ‘¨ğ’ğ’ğ’ğ’ˆğ’”ğ’• ğ‘·ğ’†ğ’‚ğ’”ğ’‚ğ’ğ’•ğ’”

            â€‹        ğŒğ€ğ‘ğ˜ğ’ğ„ 

                         â™¥|â†º

                ğˆğ§ğŸğ¨ ğ‹ğ¢ğ¬ğ­ğğâ€¦",2021-05-24 09:02:19,133,0,Twitter for Android,1288467792333885440,HerFabulousWays,ğ—Ÿğ—˜ğ—”ğ—› ğ—©ğ—”ğ—¡ ğ——ğ—”ğ—Ÿğ—˜ | Not @CarmellaWWE,2020-07-29 13:34:07,"ğ—œ'ğ—º ğ—»ğ—¼ğ˜ ğ—®ğ—» ğ—²ğ—®ğ˜€ğ˜† ğ˜„ğ—¼ğ—ºğ—®ğ—», ğ—·ğ˜‚ğ˜€ğ˜ ğ—® ğ˜„ğ—¼ğ—ºğ—®ğ—» ğ˜„ğ—µğ—¼ ğ—¹ğ—¼ğ˜ƒğ—²ğ˜€ ğ˜€ğ—²ğ˜… ğ—®ğ—»ğ—± ğ—³ğ˜‚ğ—°ğ—¸ğ—¶ğ—»ğ—´, ğ—¦ğ—²ğ—±ğ˜‚ğ—°ğ—² ğ—ºğ—² ğ—´ğ—¶ğ—¿ğ—¹ğ˜€ ğŸ˜â¤ğŸ–¤",82,662,458,
35,1396734507647213569,"RT @HardLikeJade: à¼‰â€§â‚ŠËšâœ§                  ã€I look like moneyã€

Ëšâ‚ŠÂ· ÍŸÍŸÍÍâ³â¥  Highly NSFW portrayal of Jade Cargill
Ëšâ‚ŠÂ· ÍŸÍŸÍÍâ³â¥ 18+
Ëšâ‚ŠÂ· ÍŸÍŸÍÍâ³â¥ Tâ€¦",2021-05-24 07:47:11,38,0,Twitter for Android,1288467792333885440,HerFabulousWays,ğ—Ÿğ—˜ğ—”ğ—› ğ—©ğ—”ğ—¡ ğ——ğ—”ğ—Ÿğ—˜ | Not @CarmellaWWE,2020-07-29 13:34:07,"ğ—œ'ğ—º ğ—»ğ—¼ğ˜ ğ—®ğ—» ğ—²ğ—®ğ˜€ğ˜† ğ˜„ğ—¼ğ—ºğ—®ğ—», ğ—·ğ˜‚ğ˜€ğ˜ ğ—® ğ˜„ğ—¼ğ—ºğ—®ğ—» ğ˜„ğ—µğ—¼ ğ—¹ğ—¼ğ˜ƒğ—²ğ˜€ ğ˜€ğ—²ğ˜… ğ—®ğ—»ğ—± ğ—³ğ˜‚ğ—°ğ—¸ğ—¶ğ—»ğ—´, ğ—¦ğ—²ğ—±ğ˜‚ğ—°ğ—² ğ—ºğ—² ğ—´ğ—¶ğ—¿ğ—¹ğ˜€ ğŸ˜â¤ğŸ–¤",82,662,458,
36,1396732129116147713,"RT @IIconicLee: â € 

ğ¶ğ‘ğ‘ ğ‘ ğ‘–ğ‘’ ğ¿ğ‘’ğ‘’
 
     ğ‘ƒğ‘ğ‘›ğ‘ ğ‘’ğ‘¥ğ‘¢ğ‘ğ‘™ - ğ‘ƒğ‘œğ‘ ğ‘ ğ‘–ğ‘ğ‘™ğ‘’ ğ‘†â„ğ‘–ğ‘ğ‘  - ğ‘†ğ‘¤ğ‘–ğ‘¡ğ‘â„
â € â € â € â €
                        [ â†º + â™¡ ] https://t.co/EDhrlWdRc8",2021-05-24 07:37:44,33,0,Twitter for Android,1288467792333885440,HerFabulousWays,ğ—Ÿğ—˜ğ—”ğ—› ğ—©ğ—”ğ—¡ ğ——ğ—”ğ—Ÿğ—˜ | Not @CarmellaWWE,2020-07-29 13:34:07,"ğ—œ'ğ—º ğ—»ğ—¼ğ˜ ğ—®ğ—» ğ—²ğ—®ğ˜€ğ˜† ğ˜„ğ—¼ğ—ºğ—®ğ—», ğ—·ğ˜‚ğ˜€ğ˜ ğ—® ğ˜„ğ—¼ğ—ºğ—®ğ—» ğ˜„ğ—µğ—¼ ğ—¹ğ—¼ğ˜ƒğ—²ğ˜€ ğ˜€ğ—²ğ˜… ğ—®ğ—»ğ—± ğ—³ğ˜‚ğ—°ğ—¸ğ—¶ğ—»ğ—´, ğ—¦ğ—²ğ—±ğ˜‚ğ—°ğ—² ğ—ºğ—² ğ—´ğ—¶ğ—¿ğ—¹ğ˜€ ğŸ˜â¤ğŸ–¤",82,662,458,
37,1396725386260713475,"RT @SashaAzulBanks: ğ’

ğ€

ğ‡

ğ’

ğ€

       [ğ˜‹ğ˜¦ğ˜´ğ˜¤ğ˜³ğ˜ªğ˜±ğ˜µğ˜ªğ˜·ğ˜¦. ğ˜“ğ˜ªğ˜µğ˜¦ğ˜³ğ˜¢ğ˜µğ˜¦. ğ˜‰ğ˜ªğ˜´ğ˜¦ğ˜¹ğ˜¶ğ˜¢ğ˜­. ğ˜šğ˜©ğ˜ªğ˜±ğ˜´ ğ˜¸ğ˜ªğ˜µğ˜© @EgotisticKicks. ğ˜Œğ˜¹ğ˜±ğ˜¦ğ˜³ğ˜ªğ˜¦ğ˜¯ğ˜¤ğ˜¦ ğ˜¸ğ˜³ğ˜ªğ˜µğ˜¦ğ˜³. ğ˜§ğ˜°ğ˜³ğ˜®ğ˜¦ğ˜³ ğ˜´ğ˜®ğ˜¢ğ˜¤ğ˜¬ğ˜¥ğ˜°ğ˜¸ğ˜¯â€¦",2021-05-24 07:10:56,38,0,Twitter for Android,1288467792333885440,HerFabulousWays,ğ—Ÿğ—˜ğ—”ğ—› ğ—©ğ—”ğ—¡ ğ——ğ—”ğ—Ÿğ—˜ | Not @CarmellaWWE,2020-07-29 13:34:07,"ğ—œ'ğ—º ğ—»ğ—¼ğ˜ ğ—®ğ—» ğ—²ğ—®ğ˜€ğ˜† ğ˜„ğ—¼ğ—ºğ—®ğ—», ğ—·ğ˜‚ğ˜€ğ˜ ğ—® ğ˜„ğ—¼ğ—ºğ—®ğ—» ğ˜„ğ—µğ—¼ ğ—¹ğ—¼ğ˜ƒğ—²ğ˜€ ğ˜€ğ—²ğ˜… ğ—®ğ—»ğ—± ğ—³ğ˜‚ğ—°ğ—¸ğ—¶ğ—»ğ—´, ğ—¦ğ—²ğ—±ğ˜‚ğ—°ğ—² ğ—ºğ—² ğ—´ğ—¶ğ—¿ğ—¹ğ˜€ ğŸ˜â¤ğŸ–¤",82,662,458,
38,1396724830683209732,"RT @StephIsMomma: â €â €â €  â €â €â € â €â €â €  â €â €â € â™•
â €â €â €â € à¼„ â€§â‚ŠËš stephanie mcmahonËš Í™ÛªÛªÌ¥â—Œ

â €â €â €â € â‡¢ 18+. nsfw. cougar. taboo.
â € â € â €literate/descriptive. lewdâ€¦",2021-05-24 07:08:44,50,0,Twitter for Android,1288467792333885440,HerFabulousWays,ğ—Ÿğ—˜ğ—”ğ—› ğ—©ğ—”ğ—¡ ğ——ğ—”ğ—Ÿğ—˜ | Not @CarmellaWWE,2020-07-29 13:34:07,"ğ—œ'ğ—º ğ—»ğ—¼ğ˜ ğ—®ğ—» ğ—²ğ—®ğ˜€ğ˜† ğ˜„ğ—¼ğ—ºğ—®ğ—», ğ—·ğ˜‚ğ˜€ğ˜ ğ—® ğ˜„ğ—¼ğ—ºğ—®ğ—» ğ˜„ğ—µğ—¼ ğ—¹ğ—¼ğ˜ƒğ—²ğ˜€ ğ˜€ğ—²ğ˜… ğ—®ğ—»ğ—± ğ—³ğ˜‚ğ—°ğ—¸ğ—¶ğ—»ğ—´, ğ—¦ğ—²ğ—±ğ˜‚ğ—°ğ—² ğ—ºğ—² ğ—´ğ—¶ğ—¿ğ—¹ğ˜€ ğŸ˜â¤ğŸ–¤",82,662,458,
39,1396724039008362497,"RT @QueenOfEveryEra: á… 
á… 

  â €â €â €      ğ‚ğ‡ğ€ğ‘ğ‹ğğ“ğ“ğ„ ğ…ğ‹ğ€ğˆğ‘.
  â €â €â €â €       ğ—ğ—‹ğ–¾ğ—Œğ—ğ—…ğ–¾ğ—‹ &amp; ğ–®ğ–¥ ğ—†ğ—ˆğ–½ğ–¾ğ—….
                           â—œ â†º / â™¡ â—

á… 
á…  https://tâ€¦",2021-05-24 07:05:35,40,0,Twitter for Android,1288467792333885440,HerFabulousWays,ğ—Ÿğ—˜ğ—”ğ—› ğ—©ğ—”ğ—¡ ğ——ğ—”ğ—Ÿğ—˜ | Not @CarmellaWWE,2020-07-29 13:34:07,"ğ—œ'ğ—º ğ—»ğ—¼ğ˜ ğ—®ğ—» ğ—²ğ—®ğ˜€ğ˜† ğ˜„ğ—¼ğ—ºğ—®ğ—», ğ—·ğ˜‚ğ˜€ğ˜ ğ—® ğ˜„ğ—¼ğ—ºğ—®ğ—» ğ˜„ğ—µğ—¼ ğ—¹ğ—¼ğ˜ƒğ—²ğ˜€ ğ˜€ğ—²ğ˜… ğ—®ğ—»ğ—± ğ—³ğ˜‚ğ—°ğ—¸ğ—¶ğ—»ğ—´, ğ—¦ğ—²ğ—±ğ˜‚ğ—°ğ—² ğ—ºğ—² ğ—´ğ—¶ğ—¿ğ—¹ğ˜€ ğŸ˜â¤ğŸ–¤",82,662,458,
40,1399634375172521984,RT @cons_owned: https://t.co/tfH2uPsOr4,2021-06-01 07:50:13,3158,0,Twitter Web App,3548525477,ShatteredReaper,Shattered Reaper (Commissions Open),2015-09-04 21:08:32,"Age: 23 +18 please! no minors sorry.
Servant of Death. Commissions Traditional Art & Literature. DMs are open! 
https://t.co/jY7CBC9ZtFâ€¦",136,550,2120,Realm of Death
41,1399633890701025281,RT @Javigameboy: itâ€™s time ğŸ’–ğŸ’œğŸ’™ #PrideMonth2021 https://t.co/sUmtjjI3zT,2021-06-01 07:48:18,96,0,Twitter Web App,3548525477,ShatteredReaper,Shattered Reaper (Commissions Open),2015-09-04 21:08:32,"Age: 23 +18 please! no minors sorry.
Servant of Death. Commissions Traditional Art & Literature. DMs are open! 
https://t.co/jY7CBC9ZtFâ€¦",136,550,2120,Realm of Death
42,1399631359216214016,"RT @MiguelB_32X: ğŸ¦”ğŸ‘

#SonicTheHedgehog #Sonic30th #sonicfanart #sonicartist https://t.co/OChGxpl1Nz",2021-06-01 07:38:14,241,0,Twitter Web App,3548525477,ShatteredReaper,Shattered Reaper (Commissions Open),2015-09-04 21:08:32,"Age: 23 +18 please! no minors sorry.
Servant of Death. Commissions Traditional Art & Literature. DMs are open! 
https://t.co/jY7CBC9ZtFâ€¦",136,550,2120,Realm of Death
43,1399630233922248704,"RT @sohrkhai: Minors running to tweet ""echo project is flopping besties!!!"" after the writers/artists told them to fuck off https://t.co/4vâ€¦",2021-06-01 07:33:46,29,0,Twitter Web App,3548525477,ShatteredReaper,Shattered Reaper (Commissions Open),2015-09-04 21:08:32,"Age: 23 +18 please! no minors sorry.
Servant of Death. Commissions Traditional Art & Literature. DMs are open! 
https://t.co/jY7CBC9ZtFâ€¦",136,550,2120,Realm of Death
44,1399629449255997440,RT @PokemonContexts: I love the way Agathaâ€™s Gengar comes out of the pokÃ©ball ğŸ‘€ https://t.co/LhEV7a8fIF,2021-06-01 07:30:39,4099,0,Twitter Web App,3548525477,ShatteredReaper,Shattered Reaper (Commissions Open),2015-09-04 21:08:32,"Age: 23 +18 please! no minors sorry.
Servant of Death. Commissions Traditional Art & Literature. DMs are open! 
https://t.co/jY7CBC9ZtFâ€¦",136,550,2120,Realm of Death
45,1399628912938733571,RT @Bulbagarden: Happy Monday! https://t.co/p8bTkivxPS,2021-06-01 07:28:31,593,0,Twitter Web App,3548525477,ShatteredReaper,Shattered Reaper (Commissions Open),2015-09-04 21:08:32,"Age: 23 +18 please! no minors sorry.
Servant of Death. Commissions Traditional Art & Literature. DMs are open! 
https://t.co/jY7CBC9ZtFâ€¦",136,550,2120,Realm of Death
46,1399628236934369282,RT @BrentToderian: The most important thing about this amazing Paris transformation is how fast it happened â€” how fast people on bikes â€œappâ€¦,2021-06-01 07:25:50,2172,0,Twitter Web App,3548525477,ShatteredReaper,Shattered Reaper (Commissions Open),2015-09-04 21:08:32,"Age: 23 +18 please! no minors sorry.
Servant of Death. Commissions Traditional Art & Literature. DMs are open! 
https://t.co/jY7CBC9ZtFâ€¦",136,550,2120,Realm of Death
47,1399628158454800391,RT @BunnyCharlene: stop trying to make villains relatable. go back to making them hot,2021-06-01 07:25:31,152,0,Twitter Web App,3548525477,ShatteredReaper,Shattered Reaper (Commissions Open),2015-09-04 21:08:32,"Age: 23 +18 please! no minors sorry.
Servant of Death. Commissions Traditional Art & Literature. DMs are open! 
https://t.co/jY7CBC9ZtFâ€¦",136,550,2120,Realm of Death
48,1399627321464692740,@DKmate1 I could but I try not to because I need some sleep schedule XD,2021-06-01 07:22:11,0,0,Twitter Web App,3548525477,ShatteredReaper,Shattered Reaper (Commissions Open),2015-09-04 21:08:32,"Age: 23 +18 please! no minors sorry.
Servant of Death. Commissions Traditional Art & Literature. DMs are open! 
https://t.co/jY7CBC9ZtFâ€¦",136,550,2120,Realm of Death
49,1399625049183686656,@eggo21art @cobywb Oh that's huge~! Way bigger than the usual size~! ğŸ˜ğŸ˜ğŸ˜,2021-06-01 07:13:10,0,0,Twitter Web App,3548525477,ShatteredReaper,Shattered Reaper (Commissions Open),2015-09-04 21:08:32,"Age: 23 +18 please! no minors sorry.
Servant of Death. Commissions Traditional Art & Literature. DMs are open! 
https://t.co/jY7CBC9ZtFâ€¦",136,550,2120,Realm of Death
50,1399647959973761024,"RT @SashaBull78: How I like to greet the hubby and his friends ğŸ†ğŸ†ğŸ˜ˆğŸ’¦ 
Subscribe to see more. 30% off, FREE Audio dick rate and 6 min vid. NOâ€¦",2021-06-01 08:44:12,257,0,Twitter for Android,1162775019245723649,HornyScotsman98,Calum,2019-08-17 17:15:52,bi  22ğŸ˜‰ğŸ˜‰ DM me If you want to see my sex doll,45,187,548,"Scotland, United Kingdom"
51,1399416292617207808,RT @kikixbabyx: shower time;) which one of you would fuck me hard in the shower? #horny #dm #dick https://t.co/RMxdIEf58h,2021-05-31 17:23:38,5,0,Twitter for Android,1162775019245723649,HornyScotsman98,Calum,2019-08-17 17:15:52,bi  22ğŸ˜‰ğŸ˜‰ DM me If you want to see my sex doll,45,187,548,"Scotland, United Kingdom"
52,1399384755980967936,"RT @cuddlyprincessb: Even when Iâ€™m not gooning, I wanna make sure my followers do ğŸ¥µ this is your sign to drop everything and goon to my perâ€¦",2021-05-31 15:18:19,193,0,Twitter for Android,1162775019245723649,HornyScotsman98,Calum,2019-08-17 17:15:52,bi  22ğŸ˜‰ğŸ˜‰ DM me If you want to see my sex doll,45,187,548,"Scotland, United Kingdom"
53,1399370361528111105,RT @cuddlyprincessb: All I did today and Iâ€™m nowhere near stopping ğŸ¥µğŸ¥µğŸ¥µğŸ¥µ https://t.co/PgDSk3vciq,2021-05-31 14:21:07,1935,0,Twitter for Android,1162775019245723649,HornyScotsman98,Calum,2019-08-17 17:15:52,bi  22ğŸ˜‰ğŸ˜‰ DM me If you want to see my sex doll,45,187,548,"Scotland, United Kingdom"
54,1399321225852239875,Who loves a bit of tight foreskin ğŸ¥°ğŸ¥°ğŸ¥° #cock #dick #horny #nudes #dm #fucktribute #cocktribute #cockrate #dickrateâ€¦ https://t.co/aNNdHJem0w,2021-05-31 11:05:53,0,1,Twitter for Android,1162775019245723649,HornyScotsman98,Calum,2019-08-17 17:15:52,bi  22ğŸ˜‰ğŸ˜‰ DM me If you want to see my sex doll,45,187,548,"Scotland, United Kingdom"
55,1399121805319811072,RT @kikixbabyx: who wants to lick me clean?â˜ºï¸ #horny #lickme #pussy #tightpussy https://t.co/jTG67jDBcH,2021-05-30 21:53:27,7,0,Twitter for Android,1162775019245723649,HornyScotsman98,Calum,2019-08-17 17:15:52,bi  22ğŸ˜‰ğŸ˜‰ DM me If you want to see my sex doll,45,187,548,"Scotland, United Kingdom"
56,1399121784004399107,@kikixbabyx You know I do baby!!,2021-05-30 21:53:22,0,1,Twitter for Android,1162775019245723649,HornyScotsman98,Calum,2019-08-17 17:15:52,bi  22ğŸ˜‰ğŸ˜‰ DM me If you want to see my sex doll,45,187,548,"Scotland, United Kingdom"
57,1398924357934723073,RT @http_sins: https://t.co/euSXXXEYKY,2021-05-30 08:48:52,336,0,Twitter for Android,1162775019245723649,HornyScotsman98,Calum,2019-08-17 17:15:52,bi  22ğŸ˜‰ğŸ˜‰ DM me If you want to see my sex doll,45,187,548,"Scotland, United Kingdom"
58,1398924035073978371,"RT @XxNemegoonerxX: I don't want to ever stop edging , it feels so good, pure filth bliss , porn is swallowing me and I love it https://t.câ€¦",2021-05-30 08:47:35,108,0,Twitter for Android,1162775019245723649,HornyScotsman98,Calum,2019-08-17 17:15:52,bi  22ğŸ˜‰ğŸ˜‰ DM me If you want to see my sex doll,45,187,548,"Scotland, United Kingdom"
59,1398718299190575104,"RT @KristiLacroix2: I hope you enjoy this cockpilation of me bouncing on cocks almost as much as I enjoyed bouncing on them!

https://t.co/â€¦",2021-05-29 19:10:04,104,0,Twitter for Android,1162775019245723649,HornyScotsman98,Calum,2019-08-17 17:15:52,bi  22ğŸ˜‰ğŸ˜‰ DM me If you want to see my sex doll,45,187,548,"Scotland, United Kingdom"
60,1399274964805505026,"RT @md_thats_me893: fuck it, hear loves thank you all for the love and sorry for the late humpday post but goodmorning ;) RT,like and commeâ€¦",2021-05-31 08:02:03,22,0,Twitter for iPhone,744750129609998337,kfkffmdm,justin,2016-06-20 04:34:02,dm is open|male 22,18,282,1118,
61,1399274926519971842,RT @md_thats_me893: Can I get some more congratulations ğŸ¥³ Spent 4 years learning I could make more in 40 seconds ğŸ¥µ. Oh well I'll pay it offâ€¦,2021-05-31 08:01:54,2,0,Twitter for iPhone,744750129609998337,kfkffmdm,justin,2016-06-20 04:34:02,dm is open|male 22,18,282,1118,
62,1399274903199621120,"RT @md_thats_me893: Yes that's actually mine ğŸ¥°ğŸ¤«ğŸ˜ºğŸ¤¯
#nolimits #kink #raceplay #horny #cumslut #latina #milf #slut #breed #retweet #newyork #nâ€¦",2021-05-31 08:01:48,7,0,Twitter for iPhone,744750129609998337,kfkffmdm,justin,2016-06-20 04:34:02,dm is open|male 22,18,282,1118,
63,1399274882798473222,"RT @md_thats_me893: here it is loves. Make sure to comment, like and RT &lt;3
#nolimits #dox #kink #rapekink #raceplay #horny #rapeplay #cumslâ€¦",2021-05-31 08:01:43,16,0,Twitter for iPhone,744750129609998337,kfkffmdm,justin,2016-06-20 04:34:02,dm is open|male 22,18,282,1118,
64,1399274602707050503,RT @youngpuzzy: Iâ€™m so #horny watching this ğŸ˜ https://t.co/h9o4NRJg8h,2021-05-31 08:00:37,11,0,Twitter for iPhone,744750129609998337,kfkffmdm,justin,2016-06-20 04:34:02,dm is open|male 22,18,282,1118,
65,1399272859667599363,RT @BzoeMegan: Ass for daysğŸ˜©ğŸ˜ #horny https://t.co/ApRZEg3NFB,2021-05-31 07:53:41,3,0,Twitter for iPhone,744750129609998337,kfkffmdm,justin,2016-06-20 04:34:02,dm is open|male 22,18,282,1118,
66,1399272609850617858,@thiccxbaby ğŸ˜ğŸ˜,2021-05-31 07:52:42,0,1,Twitter for iPhone,744750129609998337,kfkffmdm,justin,2016-06-20 04:34:02,dm is open|male 22,18,282,1118,
67,1399272548055928841,RT @thiccxbaby: Post shower. Wanna cum make me all dirty and full of cum?ğŸ˜˜ğŸ˜#horny #fuckme #daddysgirl #goodgirl #mommy #mommykink #fetish #â€¦,2021-05-31 07:52:27,8,0,Twitter for iPhone,744750129609998337,kfkffmdm,justin,2016-06-20 04:34:02,dm is open|male 22,18,282,1118,
68,1398886378243379204,@aIannnaxx Dm me ğŸ˜,2021-05-30 06:17:57,0,0,Twitter for iPhone,744750129609998337,kfkffmdm,justin,2016-06-20 04:34:02,dm is open|male 22,18,282,1118,
69,1398679864882851841,@CallhermsThroat good morning ğŸ¥°,2021-05-29 16:37:20,0,1,Twitter for iPhone,744750129609998337,kfkffmdm,justin,2016-06-20 04:34:02,dm is open|male 22,18,282,1118,
70,1399274964805505026,"RT @md_thats_me893: fuck it, hear loves thank you all for the love and sorry for the late humpday post but goodmorning ;) RT,like and commeâ€¦",2021-05-31 08:02:03,22,0,Twitter for iPhone,744750129609998337,kfkffmdm,justin,2016-06-20 04:34:02,dm is open|male 22,18,282,1118,
71,1399274926519971842,RT @md_thats_me893: Can I get some more congratulations ğŸ¥³ Spent 4 years learning I could make more in 40 seconds ğŸ¥µ. Oh well I'll pay it offâ€¦,2021-05-31 08:01:54,2,0,Twitter for iPhone,744750129609998337,kfkffmdm,justin,2016-06-20 04:34:02,dm is open|male 22,18,282,1118,
72,1399274903199621120,"RT @md_thats_me893: Yes that's actually mine ğŸ¥°ğŸ¤«ğŸ˜ºğŸ¤¯
#nolimits #kink #raceplay #horny #cumslut #latina #milf #slut #breed #retweet #newyork #nâ€¦",2021-05-31 08:01:48,7,0,Twitter for iPhone,744750129609998337,kfkffmdm,justin,2016-06-20 04:34:02,dm is open|male 22,18,282,1118,
73,1399274882798473222,"RT @md_thats_me893: here it is loves. Make sure to comment, like and RT &lt;3
#nolimits #dox #kink #rapekink #raceplay #horny #rapeplay #cumslâ€¦",2021-05-31 08:01:43,16,0,Twitter for iPhone,744750129609998337,kfkffmdm,justin,2016-06-20 04:34:02,dm is open|male 22,18,282,1118,
74,1399274602707050503,RT @youngpuzzy: Iâ€™m so #horny watching this ğŸ˜ https://t.co/h9o4NRJg8h,2021-05-31 08:00:37,11,0,Twitter for iPhone,744750129609998337,kfkffmdm,justin,2016-06-20 04:34:02,dm is open|male 22,18,282,1118,
75,1399272859667599363,RT @BzoeMegan: Ass for daysğŸ˜©ğŸ˜ #horny https://t.co/ApRZEg3NFB,2021-05-31 07:53:41,3,0,Twitter for iPhone,744750129609998337,kfkffmdm,justin,2016-06-20 04:34:02,dm is open|male 22,18,282,1118,
76,1399272609850617858,@thiccxbaby ğŸ˜ğŸ˜,2021-05-31 07:52:42,0,1,Twitter for iPhone,744750129609998337,kfkffmdm,justin,2016-06-20 04:34:02,dm is open|male 22,18,282,1118,
77,1399272548055928841,RT @thiccxbaby: Post shower. Wanna cum make me all dirty and full of cum?ğŸ˜˜ğŸ˜#horny #fuckme #daddysgirl #goodgirl #mommy #mommykink #fetish #â€¦,2021-05-31 07:52:27,8,0,Twitter for iPhone,744750129609998337,kfkffmdm,justin,2016-06-20 04:34:02,dm is open|male 22,18,282,1118,
78,1398886378243379204,@aIannnaxx Dm me ğŸ˜,2021-05-30 06:17:57,0,0,Twitter for iPhone,744750129609998337,kfkffmdm,justin,2016-06-20 04:34:02,dm is open|male 22,18,282,1118,
79,1398679864882851841,@CallhermsThroat good morning ğŸ¥°,2021-05-29 16:37:20,0,1,Twitter for iPhone,744750129609998337,kfkffmdm,justin,2016-06-20 04:34:02,dm is open|male 22,18,282,1118,
80,1399719359627603971,@PonzoJake @SaraCarterDC Thx for permission,2021-06-01 13:27:55,0,0,Twitter for iPhone,2231746993,MdmMcCoy,Mike McCoy,2013-12-05 16:45:48,"Follower of Jesus Christ, husband, father, and owner of 3 dogs.",63,52,141,
81,1399719227590856709,@effinalavina @SaraCarterDC If u say so,2021-06-01 13:27:24,0,0,Twitter for iPhone,2231746993,MdmMcCoy,Mike McCoy,2013-12-05 16:45:48,"Follower of Jesus Christ, husband, father, and owner of 3 dogs.",63,52,141,
82,1399647248070348801,@KurtSchlichter Democrats,2021-06-01 08:41:22,0,0,Twitter for iPhone,2231746993,MdmMcCoy,Mike McCoy,2013-12-05 16:45:48,"Follower of Jesus Christ, husband, father, and owner of 3 dogs.",63,52,141,
83,1399223433334988802,@BreitbartNews Disgusting,2021-05-31 04:37:17,0,0,Twitter for iPhone,2231746993,MdmMcCoy,Mike McCoy,2013-12-05 16:45:48,"Follower of Jesus Christ, husband, father, and owner of 3 dogs.",63,52,141,
84,1399110832445956104,@jsolomonReports But not on MSM,2021-05-30 21:09:51,0,0,Twitter for iPhone,2231746993,MdmMcCoy,Mike McCoy,2013-12-05 16:45:48,"Follower of Jesus Christ, husband, father, and owner of 3 dogs.",63,52,141,
85,1399110460545409024,"@BreitbartNews Women , black, homosexual , Democrat in office is untouchable . Also a racist",2021-05-30 21:08:22,0,0,Twitter for iPhone,2231746993,MdmMcCoy,Mike McCoy,2013-12-05 16:45:48,"Follower of Jesus Christ, husband, father, and owner of 3 dogs.",63,52,141,
86,1398527585311772674,@DanCrenshawTX U sold out president trump,2021-05-29 06:32:14,0,0,Twitter for iPhone,2231746993,MdmMcCoy,Mike McCoy,2013-12-05 16:45:48,"Follower of Jesus Christ, husband, father, and owner of 3 dogs.",63,52,141,
87,1398527040110968834,@w_terrence Pride of the democrats,2021-05-29 06:30:04,0,0,Twitter for iPhone,2231746993,MdmMcCoy,Mike McCoy,2013-12-05 16:45:48,"Follower of Jesus Christ, husband, father, and owner of 3 dogs.",63,52,141,
88,1398526885575942144,@shane_pruitt78 Preach,2021-05-29 06:29:27,0,0,Twitter for iPhone,2231746993,MdmMcCoy,Mike McCoy,2013-12-05 16:45:48,"Follower of Jesus Christ, husband, father, and owner of 3 dogs.",63,52,141,
89,1398526791824953345,@RyanAFournier Boys cannot be girls,2021-05-29 06:29:05,0,0,Twitter for iPhone,2231746993,MdmMcCoy,Mike McCoy,2013-12-05 16:45:48,"Follower of Jesus Christ, husband, father, and owner of 3 dogs.",63,52,141,
